data_source,ticker,name,category,mer,benchmark,latest_nav,as_of,volatility,max_drawdown,current_drawdown,sharpe,sortino,positive_months,history_years,return_1w,return_1m,return_3m,return_6m,return_1y,return_ytd,return_3y_annualized,return_5y_annualized,return_10y_annualized,momentum_score,risk_score,cost_score,quality_score,overall_score,signal,category_rank
Yahoo Finance,ZEQT.TO,BMO All-Equity ETF,All Equity,0.2,VEQT.TO,22.899999618530273,2026-07-24,13.340024239119403,-16.148983017998297,-2.511707783468431,1.0473490327935293,1.4291543455450042,62.264150943396224,4.4517453798767965,0.08741459133427831,-0.3740021692325013,5.869834068528568,9.585749593235903,24.320614821000785,12.089651966629834,20.692242772528168,,,80.0,100.0,83.33333333333334,33.33333333333333,82.83333333333333,Strong trend,1
Yahoo Finance,XEQT.TO,iShares Core Equity ETF Portfolio,All Equity,0.2,VEQT.TO,44.459999084472656,2026-07-24,15.523719291565854,-29.74291479898341,-2.3929751280896694,0.9509112466750822,1.1548796127344019,68.67469879518072,6.9431895961670085,-0.04496505838468279,-0.21994564840047692,5.790899144245287,9.072660003784572,23.33708902838614,11.761459653747153,20.512414869095096,12.805030613322765,,46.66666666666666,66.66666666666666,83.33333333333334,88.33333333333333,63.33333333333333,Strong trend,2
Yahoo Finance,VEQT.TO,Vanguard All-Equity ETF Portfolio,All Equity,0.22,VEQT.TO,60.5,2026-07-24,15.742234928525475,-30.45378544216377,-2.4193548387096753,0.9079336153571383,1.0603377811236339,67.41573033707866,7.4633812457221085,0.08271172279488148,-0.3459052670721663,5.62151063080496,9.1466708766206,24.471649065825662,11.80927613670364,20.7063911023986,12.959321172164294,,73.33333333333333,33.33333333333333,33.333333333333336,78.33333333333333,53.833333333333336,Strong trend,3
Yahoo Finance,ZBAL.TO,BMO Balanced ETF,Balanced,0.2,VBAL.TO,15.850000381469727,2026-07-24,10.130645182729417,-20.7541451629099,-3.297398060656642,0.8846541614307049,1.03012491362347,66.29213483146067,7.436002737850787,-0.3771179542289116,-0.979898000524293,3.0951374868153136,5.354757332487448,14.807358726774122,6.942481625537722,13.399142025689104,7.716829908990275,,86.66666666666666,86.66666666666667,83.33333333333334,76.66666666666666,85.16666666666667,Strong trend,1
Yahoo Finance,XBAL.TO,iShares Core Balanced ETF Portfolio,Balanced,0.2,VBAL.TO,35.38999938964844,2026-07-24,9.317473111796739,-20.928301626246892,-3.3681907172060543,0.8145004096364018,0.9209087116265802,64.39393939393939,10.992470910335387,-0.4220639336375842,-0.7877604591367771,3.262299251406775,5.267591515800274,13.828988596888102,7.060324280309915,13.442441008154127,7.391229026754043,7.367043706634768,63.33333333333333,73.33333333333331,83.33333333333334,56.666666666666664,69.16666666666666,Strong trend,2
Yahoo Finance,VBAL.TO,Vanguard Balanced ETF Portfolio,Balanced,0.24,VBAL.TO,39.130001068115234,2026-07-24,10.074301516245155,-21.18676448591742,-2.248308115480413,0.7793521179113829,0.8874798904842708,65.34653465346535,8.473648186173854,-0.33111884609192677,-0.9402936515209959,3.001346447768749,5.1852820311678816,14.13210677911243,7.035626038249321,12.930616617540892,7.13870702971251,,49.99999999999999,40.0,33.333333333333336,66.66666666666666,45.666666666666664,Strong trend,3
Yahoo Finance,XBB.TO,iShares Core Canadian Universe Bond Index,Bonds,0.1,ZAG.TO,27.81999969482422,2026-07-24,6.505284031924968,-18.161059754325926,-2.3675335540875975,0.28219347484656526,0.33526897071129286,59.09090909090909,10.992470910335387,-0.5007131410322052,-1.5883168709902584,-0.3173564364663872,-0.001179223939018481,3.317645993799534,0.9260538089906678,4.261349147552584,0.1939105164245447,1.4222379163156162,90.0,78.33333333333333,33.333333333333336,88.33333333333333,77.24999999999999,Weakening,1
Yahoo Finance,ZAG.TO,BMO Aggregate Bond Index,Bonds,0.09,ZAG.TO,13.619999885559082,2026-07-24,6.895424633276134,-18.033220888497294,-2.5530816205675544,0.27109730375186264,0.30520018776092817,56.060606060606055,10.992470910335387,-0.5113199194287987,-1.6673497998143327,-0.3332668032626773,-0.0005881657274553476,3.3129342155034935,0.8734033439448119,4.160621990683655,0.14125024077860093,1.38635745739486,73.33333333333333,50.0,83.33333333333334,44.99999999999999,63.83333333333333,Weakening,2
Yahoo Finance,VAB.TO,Vanguard Canadian Aggregate Bond Index,Bonds,0.09,ZAG.TO,22.68000030517578,2026-07-24,6.312782019976589,-18.393820981981612,-3.0310137442262075,0.2753182332308175,0.34912199427372376,56.81818181818182,10.992470910335387,-0.569921805393736,-1.656274186150264,-0.3860789090133543,-0.0021949164893175777,3.1841528133716324,0.7838198721281442,4.09101955837099,0.12836425371269833,1.3061659669795445,36.66666666666666,71.66666666666666,83.33333333333334,66.66666666666666,58.91666666666666,Weakening,3
Yahoo Finance,ZCN.TO,BMO S&P TSX Capped Composite,Canada Equity,0.06,XIC.TO,47.099998474121094,2026-07-24,15.060788239109712,-37.180561283949174,-0.7794454119808614,0.8316597148399569,0.9400323122800808,68.18181818181817,10.992470910335387,-0.14839876519288087,1.5548851203411207,4.283889082726966,7.369252938658222,31.32121330469724,11.649922770911502,22.844912197577738,14.919851121513993,12.412079483726824,80.0,93.33333333333334,49.99999999999999,77.5,79.91666666666667,Strong trend,1
Yahoo Finance,XIC.TO,iShares Core S&P TSX Capped Composite,Canada Equity,0.06,XIC.TO,56.189998626708984,2026-07-24,15.045058800165318,-37.2117524054843,-0.7769776321865374,0.8251668357434404,0.9364779298470608,68.18181818181817,10.992470910335387,-0.1953829695243603,1.5011063235122801,4.351310654730511,7.360591451981269,31.399196932457542,11.645720846568475,22.892832570020772,14.637487978774622,12.293896751061029,76.66666666666666,73.33333333333331,49.99999999999999,77.5,71.58333333333331,Strong trend,2
Yahoo Finance,VCN.TO,Vanguard FTSE Canada All Cap,Canada Equity,0.05,XIC.TO,71.48999786376953,2026-07-24,15.14458328752191,-37.320431046686394,-0.8872860308033803,0.805010382615211,0.9090723941164195,67.42424242424242,10.992470910335387,-0.2093823662156269,1.4906237733831595,4.173146218261681,7.361687715446075,29.88434194531193,11.36746363840464,22.620578785245282,14.876105717518806,12.264304259221714,43.33333333333333,33.33333333333333,100.0,44.99999999999999,48.5,Strong trend,3
Yahoo Finance,VDY.TO,Vanguard FTSE Canadian High Dividend Yield,Canadian Dividend,0.22,VDY.TO,78.29000091552734,2026-07-24,16.026731410481272,-39.21125860183692,-0.6887969077884915,0.9096497683785544,1.016125466737545,65.15151515151516,10.992470910335387,-0.6345982919026216,3.8594047593262903,14.024311106784948,25.550044681877758,51.009209954137845,27.723735789953395,27.5559436217383,19.181962823928078,14.595626745502365,96.66666666666666,93.33333333333334,83.33333333333334,44.99999999999999,88.33333333333334,Strong trend,1
Yahoo Finance,XEI.TO,iShares S&P TSX Composite High Dividend Index,Canadian Dividend,0.22,VDY.TO,40.58000183105469,2026-07-24,16.119054573720145,-45.514191886248625,-0.17220096481338487,0.8004920600698529,0.8429194617965977,69.6969696969697,10.992470910335387,-0.049252817285583284,3.8834757094416084,10.596523183799667,23.35382001513484,41.74783038742789,26.796075423480836,22.747835278071737,16.44091799271341,12.249885552256856,70.0,51.66666666666666,83.33333333333334,88.33333333333333,67.41666666666666,High risk,2
Yahoo Finance,ZDV.TO,BMO Canadian Dividend,Canadian Dividend,0.39,VDY.TO,33.16999816894531,2026-07-24,15.195751705944199,-43.19602323185955,-0.3005779604521308,0.772798238825716,0.8102281347348801,68.18181818181817,10.992470910335387,0.2114794503055517,3.05961559864083,9.281096647165409,17.51798334846235,31.990063839429418,22.300688417441595,21.15706102481216,14.889193442020332,11.383369570450386,33.33333333333333,54.99999999999999,33.333333333333336,66.66666666666666,44.24999999999999,High risk,3
Yahoo Finance,HDIV.TO,Hamilton Enhanced Multi-Sector Covered Call,Covered Call,2.38,ZWC.TO,23.43000030517578,2026-07-24,15.555559509535755,-22.324882468229788,-1.264219312463899,1.2006006280669632,1.5838247613135747,66.66666666666666,5.007529089664613,-0.04266309152726189,1.4276833455823645,7.467600893575388,13.505919156771373,41.60307301405499,18.187689748448467,26.804417046872754,18.990794315789273,,96.66666666666666,86.66666666666667,33.333333333333336,76.66666666666666,81.66666666666667,Strong trend,1
Yahoo Finance,ZWC.TO,BMO Canadian High Dividend Covered Call,Covered Call,0.72,ZWC.TO,22.959999084472656,2026-07-24,14.863560583664018,-40.56535500070315,-0.1739170240319332,0.6296251576195433,0.6452184462947783,65.48672566371681,9.437371663244353,0.17451574190909813,3.119882084599812,6.92461250476768,12.004028465365547,29.813437664455233,14.607510293600035,17.66412123423937,12.151088847048275,,70.0,58.33333333333333,66.66666666666669,66.66666666666666,65.08333333333333,High risk,2
Yahoo Finance,ZWU.TO,BMO Covered Call Utilities,Covered Call,0.71,ZWC.TO,12.09000015258789,2026-07-24,14.273897347454076,-37.410476478304375,0.0,0.488710118645903,0.5214975134460079,62.121212121212125,10.992470910335387,1.171551008847782,0.7456537175203559,3.646904320197586,11.41848185282579,15.849410654343066,12.925487594330342,11.743123934338428,6.48904515564539,5.892086524300533,33.33333333333333,54.99999999999999,100.0,56.666666666666664,53.24999999999999,Strong trend,3
Yahoo Finance,ZEM.TO,BMO MSCI Emerging Markets Index,Emerging Markets,0.28,XEC.TO,32.77000045776367,2026-07-24,18.958420536523505,-34.79034079204635,-10.145326676981448,0.539688370685473,0.7337744668634824,59.09090909090909,10.992470910335387,2.662908456886237,-5.014491426771961,4.964769950350889,13.117021865642453,37.636224944215435,18.560062161349002,22.04277786795823,9.204773770876674,9.51993878200945,93.33333333333333,70.0,49.99999999999999,88.33333333333333,78.16666666666666,Strong trend,1
Yahoo Finance,XEC.TO,iShares Core MSCI Emerging Markets IMI,Emerging Markets,0.28,XEC.TO,43.029998779296875,2026-07-24,18.144717038806604,-32.53778175560949,-9.45752403035951,0.5316484862139106,0.6936447655611799,56.81818181818182,10.992470910335387,2.4279945215823773,-4.8787593890649354,4.3723178968860354,12.32193377579458,34.40291147670058,17.496642300122843,21.1877836395741,9.20186500059572,9.20362701217583,66.66666666666666,66.66666666666666,49.99999999999999,44.99999999999999,61.99999999999999,Strong trend,2
Yahoo Finance,VEE.TO,Vanguard FTSE Emerging Markets All Cap,Emerging Markets,0.24,XEC.TO,49.16999816894531,2026-07-24,17.310884801998725,-29.836736289156352,-5.6600169290002995,0.4910302428202322,0.6595190715950939,57.57575757575758,10.992470910335387,0.9443627450596459,-2.4985170109173116,1.5331884676953456,5.202013408795891,19.84428894910102,8.496110354487186,16.785242414961843,7.2317865201589004,7.804528305107827,40.0,63.33333333333333,100.0,66.66666666666666,59.83333333333333,Strong trend,3
Yahoo Finance,CGL-C.TO,iShares Gold Bullion ETF CAD Hedged,Gold,0.55,CGL-C.TO,47.630001068115234,2026-07-24,15.839121169519615,-23.553514714346324,-21.930827112800554,0.8417922909643283,1.1421881888322372,58.333333333333336,10.992470910335387,1.4699668973011892,0.5276487850656375,-11.484854390364818,-16.555712087938524,23.329887067375843,-4.280541248523784,29.68089069097699,19.604509719860786,11.916781255605159,80.0,100.0,50.0,100.0,84.5,Weakening,1
Yahoo Finance,CEF.TO,Sprott Physical Gold and Silver Trust,Gold,0.49,CGL-C.TO,56.290000915527344,2026-07-24,22.300661262946775,-32.08668711753822,-30.29102053804663,0.7779551783614574,0.9717546302970284,55.88235294117647,8.511978097193703,1.698288107172674,0.4819715379460465,-15.238672170644762,-27.367740754158266,31.626333962143647,-11.256502215507357,32.00764990993714,19.323771775840104,,70.0,50.0,100.0,50.0,65.5,Weakening,2
Yahoo Finance,XGD.TO,iShares S&P TSX Global Gold Index,Gold Miners,0.61,XGD.TO,46.689998626708984,2026-07-24,35.078744435599845,-46.95873785665435,-32.03312719950342,0.6746425396707793,0.9846437535022342,56.81818181818182,10.992470910335387,5.969126580672923,-1.1768267042683633,-18.465730534418224,-25.929408828532086,47.068984763443034,-8.337643910687586,38.848619249192474,22.09910471614316,12.01722013474158,100.0,100.0,100.0,100.0,100.0,High risk,1
Yahoo Finance,ZGRO.TO,BMO Growth ETF,Growth,0.2,VGRO.TO,19.09000015258789,2026-07-24,13.038737005951614,-24.642749972731192,-3.2111702903357964,0.8906939481845375,1.039670322625016,68.53932584269663,7.436002737850787,-0.2612290420844432,-0.805220743428281,4.441171075036809,7.396927778490148,19.106904509389878,9.28964218949282,16.97510237384585,10.431604667293026,,73.33333333333333,86.66666666666667,83.33333333333334,76.66666666666666,79.83333333333334,Strong trend,1
Yahoo Finance,XGRO.TO,iShares Core Growth ETF Portfolio,Growth,0.2,VGRO.TO,37.959999084472656,2026-07-24,12.399081343166628,-25.85276647831616,-2.541724413542945,0.7846564945720096,0.9216307691275286,68.18181818181817,10.992470910335387,-0.15781528818672452,-0.4536761815853163,4.6966801078973885,7.310704341393248,18.34765931525002,9.546981696237932,16.819850179292285,9.956677721899165,9.744404159873499,63.33333333333333,46.66666666666666,83.33333333333334,78.33333333333333,61.99999999999999,Strong trend,2
Yahoo Finance,VGRO.TO,Vanguard Growth ETF Portfolio,Growth,0.24,VGRO.TO,46.849998474121094,2026-07-24,12.516700614770784,-25.36021437501215,-2.253289848066331,0.8222220322196977,0.9626950692311719,67.32673267326733,8.473648186173854,-0.042672195902415666,-0.5249042381444968,4.440023746252875,7.285889609353258,19.64022536083889,9.573861395749539,16.851619382178296,10.070627007289668,,63.33333333333333,66.66666666666666,33.333333333333336,44.99999999999999,58.16666666666666,Strong trend,3
Yahoo Finance,VIU.TO,Vanguard FTSE Developed All Cap ex North America,International,0.23,XEF.TO,49.060001373291016,2026-07-24,15.348414612639061,-29.14557900751967,-4.552529344594958,0.6529826911746854,0.8167899994056942,62.99212598425197,10.625598904859686,0.8220335535002565,-2.0171726137190427,6.321018787496846,10.041203038012814,26.385934713365145,14.293990635929909,19.38065467917731,11.33883906354296,10.20514979673408,93.33333333333333,70.0,49.99999999999999,76.66666666666666,77.0,Strong trend,1
Yahoo Finance,ZEA.TO,BMO MSCI EAFE Index,International,0.22,XEF.TO,31.09000015258789,2026-07-24,15.003690388216064,-27.800189225906934,-3.1765818697457315,0.5947343708205919,0.7471139641097146,59.84848484848485,10.992470910335387,0.12882742837430072,-0.26929549254631757,5.953305599762038,7.417863307573214,20.253640450621923,10.672953389630834,17.51279285915397,10.930986712358614,9.853758228209685,70.0,56.666666666666664,100.0,50.83333333333333,67.91666666666666,Strong trend,2
Yahoo Finance,XEF.TO,iShares Core MSCI EAFE IMI Index,International,0.23,XEF.TO,50.83000183105469,2026-07-24,14.860989301066704,-28.50509692620339,-3.4017429440604596,0.6055179661255159,0.7518133829487385,61.36363636363637,10.992470910335387,0.0,-0.6256029216928027,5.617065907088414,7.051865858463291,19.464703223260216,10.312159175333257,17.477063292005667,10.489634699741446,9.770073322160645,36.66666666666666,73.33333333333331,49.99999999999999,72.5,55.08333333333332,Strong trend,3
Yahoo Finance,ZRE.TO,BMO Equal Weight REITs Index,REIT,0.61,XRE.TO,24.600000381469727,2026-07-24,17.35987814387935,-46.28551265946522,-1.7179396459433671,0.5079350702284164,0.5671575845754894,59.84848484848485,10.992470910335387,-1.2444779921369165,1.0607492757271908,4.611738525423337,5.844789299483533,14.003721665655755,13.490491118077319,8.891946146665997,3.059188198364038,6.734736558612009,90.0,86.66666666666667,49.99999999999999,88.33333333333333,82.66666666666666,High risk,1
Yahoo Finance,XRE.TO,iShares S&P TSX Capped REIT Index,REIT,0.61,XRE.TO,17.139999389648438,2026-07-24,17.28765254756578,-46.57692027200879,-2.0571463448660676,0.4019105038409006,0.46104691507939666,58.333333333333336,10.992470910335387,-1.6073518106727636,0.8650583114627519,4.063315102973664,7.045407032530093,12.461953356983857,12.911840255992079,5.794193318013852,1.3753551881199089,4.518904660650436,76.66666666666666,66.66666666666666,49.99999999999999,66.66666666666666,68.16666666666666,High risk,2
Yahoo Finance,VRE.TO,Vanguard FTSE Canadian Capped REIT Index,REIT,0.39,XRE.TO,32.720001220703125,2026-07-24,17.231782133082056,-48.06308045580816,-6.29342163553166,0.38874237984894694,0.4468094954109261,56.060606060606055,10.992470910335387,-3.3953284542298845,0.24838419373311993,1.2704749351397204,-0.5311513629467801,0.5043878201695495,3.4394153844651054,5.284358701842251,0.7810839708529915,4.185314514637928,33.33333333333333,46.66666666666666,100.0,44.99999999999999,49.16666666666666,High risk,3
Yahoo Finance,TEC.TO,TD Global Technology Leaders Index,Technology,0.39,TEC.TO,58.70000076293945,2026-07-24,23.822883602284016,-35.3075492009882,-6.781007424150709,0.9349399871189644,1.2784113224673948,63.95348837209303,7.208761122518823,-0.9115477721595489,-1.9869738501194,6.100316228573477,11.364070921092729,22.434566342139295,10.985066062277449,26.958321944439277,15.706768304140862,,100.0,86.66666666666667,66.66666666666669,54.99999999999999,85.83333333333333,Strong trend,1
Yahoo Finance,ZQQ.TO,BMO NASDAQ 100 Equity Hedged to CAD,Technology,0.39,TEC.TO,192.1999969482422,2026-07-24,22.37708183161151,-36.38673785286446,-7.4181159453312056,0.8165945296431012,1.0417136614252716,64.39393939393939,10.992470910335387,-0.6307523690686323,-2.6145133999552317,3.9593205712372903,9.929078571245299,16.424736318612144,11.582001131054964,19.703053719505604,11.50588779111288,18.39564010965331,43.33333333333333,66.66666666666666,66.66666666666669,94.16666666666667,60.08333333333333,Strong trend,2
Yahoo Finance,XQQ.TO,iShares NASDAQ 100 Index CAD Hedged,Technology,0.39,TEC.TO,69.23999786376953,2026-07-24,22.317710400790926,-38.54955809948129,-7.376543817824366,0.8086142792436396,1.0321953336777325,62.878787878787875,10.992470910335387,-0.5029436593467995,-2.585898576436063,3.991195709827844,9.928847570228982,17.6712097511996,11.556633851704223,20.115649914350264,10.97464490580129,18.15959516397534,56.666666666666664,46.66666666666666,66.66666666666669,50.83333333333333,54.083333333333336,Strong trend,3
Yahoo Finance,ZSP.TO,BMO S&P 500 Index,US Equity,0.09,VFV.TO,114.22000122070312,2026-07-24,16.25395331753235,-26.941011558462925,-2.6838216342894627,0.9220645350479463,1.161408902767549,66.66666666666666,10.992470910335387,-0.13988113005489744,-0.35214440942628045,6.768219435681244,10.624657647210878,20.923822658074066,11.289970439966158,21.39359462088799,14.693592090446096,15.308767309859416,42.0,100.0,60.0,79.5,68.75,Strong trend,1
Yahoo Finance,XUS.TO,iShares Core S&P 500 Index,US Equity,0.09,VFV.TO,64.44000244140625,2026-07-24,16.391817620692954,-27.226920692285617,-2.6586020966314683,0.9149624179215401,1.1466489235170454,66.66666666666666,10.992470910335387,-0.1704114719612959,-0.2939731085965236,6.800835563018759,10.617761249837109,21.223829237081617,11.341251798804874,21.51037990625364,14.736676617356581,15.309951131629497,58.0,69.0,60.0,79.5,64.3,Strong trend,2
Yahoo Finance,VFV.TO,Vanguard S&P 500 Index,US Equity,0.09,VFV.TO,184.97999572753906,2026-07-24,16.443556845155566,-27.428817438066766,-2.6882006990354146,0.9156765885989788,1.1609930177328671,65.9090909090909,10.992470910335387,-0.14575129417594423,-0.3254448062233628,6.782673632569303,10.58998755425231,21.231472294218445,11.245272498794655,21.533163551417566,14.764968212593942,15.35876726496439,54.0,71.0,60.0,60.0,61.45,Strong trend,3
Yahoo Finance,XUU.TO,iShares Core S&P US Total Market,US Equity,0.07,VFV.TO,76.48999786376953,2026-07-24,16.515338691258535,-28.217269701958525,-2.696861379114235,0.8786860978622146,1.0884964451489814,65.15151515151516,10.992470910335387,-0.16967486054847436,-0.45548996720671253,7.06700999770824,10.815822979360057,21.20273595700981,11.767365685311514,21.08593853799734,13.99431231649666,14.823569486029676,70.0,35.0,100.0,40.5,59.3,Strong trend,4
Yahoo Finance,VUN.TO,Vanguard US Total Market Index,US Equity,0.17,VFV.TO,139.5500030517578,2026-07-24,16.583970511387257,-28.188570153939587,-2.88120211518309,0.8726490638176708,1.084416386776309,65.15151515151516,10.992470910335387,-0.21451772518032985,-0.477461865133022,6.992439966747188,10.623299775379834,21.508455856415786,11.770109834885911,21.05559261228118,13.621692009763953,14.783383423994634,76.0,25.0,20.0,40.5,46.2,Strong trend,5
